﻿<?xml version="1.0" encoding="utf-8" ?>
<c2eventsheet>
    <!--All the 'name' attributes are ignored by Construct 2 - they are there for readability only.-->
    <name>Game Over Events</name>
    <events>
        <variable constant="0" name="GameOverSelect" sid="753411225179110" static="0" type="number">0</variable>
        <event-block sid="995454826955412">
            <conditions>
                <condition id="0" name="On key pressed" sid="856909399028578" type="Keyboard">
                    <param id="0" name="Key">40</param>
                </condition>
            </conditions>
            <actions>
                <action id="-9" name="Set value" sid="916517121892689" type="System">
                    <param id="0" name="Variable">GameOverSelect</param>
                    <param id="1" name="Value">1</param>
                </action>
            </actions>
        </event-block>
        <event-block sid="294934647253474">
            <conditions>
                <condition id="0" name="On key pressed" sid="308385089150616" type="Keyboard">
                    <param id="0" name="Key">38</param>
                </condition>
            </conditions>
            <actions>
                <action id="-9" name="Set value" sid="461146541366934" type="System">
                    <param id="0" name="Variable">GameOverSelect</param>
                    <param id="1" name="Value">0</param>
                </action>
            </actions>
        </event-block>
        <event-block sid="388602239253938">
            <conditions>
                <condition id="-14" name="Compare variable" sid="132050999682221" type="System">
                    <param id="0" name="Variable">GameOverSelect</param>
                    <param id="1" name="Comparison">0</param>
                    <param id="2" name="Value">1</param>
                </condition>
            </conditions>
            <actions>
                <action id="-3" name="Set position" sid="872360284439047" type="Schwert">
                    <param id="0" name="X">97</param>
                    <param id="1" name="Y">659</param>
                </action>
            </actions>
        </event-block>
        <event-block sid="401860296422530">
            <conditions>
                <condition id="-14" name="Compare variable" sid="692581496152565" type="System">
                    <param id="0" name="Variable">GameOverSelect</param>
                    <param id="1" name="Comparison">0</param>
                    <param id="2" name="Value">0</param>
                </condition>
            </conditions>
            <actions>
                <action id="-3" name="Set position" sid="717919443940057" type="Schwert">
                    <param id="0" name="X">97</param>
                    <param id="1" name="Y">595</param>
                </action>
            </actions>
        </event-block>
        <event-block sid="227461677464313">
            <conditions>
                <condition id="0" name="On key pressed" sid="883278737186154" type="Keyboard">
                    <param id="0" name="Key">13</param>
                </condition>
            </conditions>
            <actions />
            <sub-events>
                <event-block sid="813917344443356">
                    <conditions>
                        <condition id="-14" name="Compare variable" sid="390474215505786" type="System">
                            <param id="0" name="Variable">GameOverSelect</param>
                            <param id="1" name="Comparison">0</param>
                            <param id="2" name="Value">0</param>
                        </condition>
                    </conditions>
                    <actions>
                        <action id="-2" name="Go to layout" sid="565116142546247" type="System">
                            <param id="0" name="Layout">Game</param>
                        </action>
                    </actions>
                </event-block>
                <event-block sid="771451105023089">
                    <conditions>
                        <condition id="-14" name="Compare variable" sid="136459077226256" type="System">
                            <param id="0" name="Variable">GameOverSelect</param>
                            <param id="1" name="Comparison">0</param>
                            <param id="2" name="Value">1</param>
                        </condition>
                    </conditions>
                    <actions>
                        <action id="1" name="Close" sid="762893524396818" type="Browser" />
                    </actions>
                </event-block>
            </sub-events>
        </event-block>
        <event-block sid="578599660400100">
            <conditions>
                <condition id="-2" name="On start of layout" sid="718450948012164" type="System" />
            </conditions>
            <actions />
        </event-block>
    </events>
</c2eventsheet>
