﻿<?xml version="1.0" encoding="utf-8" ?>
<c2eventsheet>
    <!--All the 'name' attributes are ignored by Construct 2 - they are there for readability only.-->
    <name>Info Events</name>
    <events>
        <event-block sid="571014015531281">
            <conditions>
                <condition id="0" name="On key pressed" sid="679735762740273" type="Keyboard">
                    <param id="0" name="Key">13</param>
                </condition>
            </conditions>
            <actions>
                <action id="-2" name="Go to layout" sid="486793349805756" type="System">
                    <param id="0" name="Layout">Menu</param>
                </action>
            </actions>
        </event-block>
    </events>
</c2eventsheet>
