﻿<?xml version="1.0" encoding="utf-8" ?>
<c2eventsheet>
    <!--All the 'name' attributes are ignored by Construct 2 - they are there for readability only.-->
    <name>Menu Events</name>
    <events>
        <variable constant="0" name="MenuSelect" sid="827272857900372" static="0" type="number">0</variable>
        <event-block sid="487489438574895">
            <conditions>
                <condition id="0" name="On key pressed" sid="679203881356826" type="Keyboard">
                    <param id="0" name="Key">40</param>
                </condition>
            </conditions>
            <actions />
            <sub-events>
                <event-block sid="169094344541164">
                    <conditions>
                        <condition id="-14" name="Compare variable" sid="948401708469176" type="System">
                            <param id="0" name="Variable">MenuSelect</param>
                            <param id="1" name="Comparison">5</param>
                            <param id="2" name="Value">3</param>
                        </condition>
                    </conditions>
                    <actions>
                        <action id="-9" name="Set value" sid="436707786392390" type="System">
                            <param id="0" name="Variable">MenuSelect</param>
                            <param id="1" name="Value">0</param>
                        </action>
                    </actions>
                </event-block>
                <event-block sid="192262477575248">
                    <conditions>
                        <condition id="-22" name="Else" sid="651324511770364" type="System" />
                    </conditions>
                    <actions>
                        <action id="-10" name="Add to" sid="175391433926001" type="System">
                            <param id="0" name="Variable">MenuSelect</param>
                            <param id="1" name="Value">1</param>
                        </action>
                    </actions>
                </event-block>
            </sub-events>
        </event-block>
        <event-block sid="693593921837507">
            <conditions>
                <condition id="0" name="On key pressed" sid="389189983005978" type="Keyboard">
                    <param id="0" name="Key">38</param>
                </condition>
            </conditions>
            <actions />
            <sub-events>
                <event-block sid="323699447679380">
                    <conditions>
                        <condition id="-14" name="Compare variable" sid="600590925458775" type="System">
                            <param id="0" name="Variable">MenuSelect</param>
                            <param id="1" name="Comparison">3</param>
                            <param id="2" name="Value">0</param>
                        </condition>
                    </conditions>
                    <actions>
                        <action id="-9" name="Set value" sid="355435531527379" type="System">
                            <param id="0" name="Variable">MenuSelect</param>
                            <param id="1" name="Value">3</param>
                        </action>
                    </actions>
                </event-block>
                <event-block sid="786138927647729">
                    <conditions>
                        <condition id="-22" name="Else" sid="565999752950304" type="System" />
                    </conditions>
                    <actions>
                        <action id="-11" name="Subtract from" sid="254515995282363" type="System">
                            <param id="0" name="Variable">MenuSelect</param>
                            <param id="1" name="Value">1</param>
                        </action>
                    </actions>
                </event-block>
            </sub-events>
        </event-block>
        <event-block sid="563011193183959">
            <conditions>
                <condition id="-14" name="Compare variable" sid="520429595750318" type="System">
                    <param id="0" name="Variable">MenuSelect</param>
                    <param id="1" name="Comparison">0</param>
                    <param id="2" name="Value">0</param>
                </condition>
            </conditions>
            <actions>
                <action id="-3" name="Set position" sid="465563599608363" type="Schwert">
                    <param id="0" name="X">96</param>
                    <param id="1" name="Y">593</param>
                </action>
            </actions>
        </event-block>
        <event-block sid="702670753358328">
            <conditions>
                <condition id="-14" name="Compare variable" sid="744472078309495" type="System">
                    <param id="0" name="Variable">MenuSelect</param>
                    <param id="1" name="Comparison">0</param>
                    <param id="2" name="Value">1</param>
                </condition>
            </conditions>
            <actions>
                <action id="-3" name="Set position" sid="778174605504430" type="Schwert">
                    <param id="0" name="X">96</param>
                    <param id="1" name="Y">660</param>
                </action>
            </actions>
        </event-block>
        <event-block sid="748089759762574">
            <conditions>
                <condition id="-14" name="Compare variable" sid="859426472548629" type="System">
                    <param id="0" name="Variable">MenuSelect</param>
                    <param id="1" name="Comparison">0</param>
                    <param id="2" name="Value">2</param>
                </condition>
            </conditions>
            <actions>
                <action id="-3" name="Set position" sid="905571986540509" type="Schwert">
                    <param id="0" name="X">96</param>
                    <param id="1" name="Y">735</param>
                </action>
            </actions>
        </event-block>
        <event-block sid="393097330161806">
            <conditions>
                <condition id="-14" name="Compare variable" sid="947594552095901" type="System">
                    <param id="0" name="Variable">MenuSelect</param>
                    <param id="1" name="Comparison">0</param>
                    <param id="2" name="Value">3</param>
                </condition>
            </conditions>
            <actions>
                <action id="-3" name="Set position" sid="630388568482429" type="Schwert">
                    <param id="0" name="X">96</param>
                    <param id="1" name="Y">810</param>
                </action>
            </actions>
        </event-block>
        <event-block sid="332859843976578">
            <conditions>
                <condition id="0" name="On key pressed" sid="264955861594569" type="Keyboard">
                    <param id="0" name="Key">13</param>
                </condition>
            </conditions>
            <actions />
            <sub-events>
                <event-block sid="685568475477680">
                    <conditions>
                        <condition id="-14" name="Compare variable" sid="868815888719000" type="System">
                            <param id="0" name="Variable">MenuSelect</param>
                            <param id="1" name="Comparison">0</param>
                            <param id="2" name="Value">0</param>
                        </condition>
                    </conditions>
                    <actions>
                        <action id="-2" name="Go to layout" sid="483449306008988" type="System">
                            <param id="0" name="Layout">Game</param>
                        </action>
                    </actions>
                </event-block>
                <event-block sid="767300151453475">
                    <conditions>
                        <condition id="-14" name="Compare variable" sid="820470386842456" type="System">
                            <param id="0" name="Variable">MenuSelect</param>
                            <param id="1" name="Comparison">0</param>
                            <param id="2" name="Value">1</param>
                        </condition>
                    </conditions>
                    <actions>
                        <action id="-2" name="Go to layout" sid="595000742985858" type="System">
                            <param id="0" name="Layout">Tutorial</param>
                        </action>
                    </actions>
                </event-block>
                <event-block sid="654682741096220">
                    <conditions>
                        <condition id="-14" name="Compare variable" sid="350771707734229" type="System">
                            <param id="0" name="Variable">MenuSelect</param>
                            <param id="1" name="Comparison">0</param>
                            <param id="2" name="Value">2</param>
                        </condition>
                    </conditions>
                    <actions>
                        <action id="-2" name="Go to layout" sid="361787221617648" type="System">
                            <param id="0" name="Layout">Info</param>
                        </action>
                    </actions>
                </event-block>
                <event-block sid="570441665336155">
                    <conditions>
                        <condition id="-14" name="Compare variable" sid="119546811100020" type="System">
                            <param id="0" name="Variable">MenuSelect</param>
                            <param id="1" name="Comparison">0</param>
                            <param id="2" name="Value">3</param>
                        </condition>
                    </conditions>
                    <actions>
                        <action id="1" name="Close" sid="999546887694324" type="Browser" />
                    </actions>
                </event-block>
            </sub-events>
        </event-block>
    </events>
</c2eventsheet>
