﻿<?xml version="1.0" encoding="utf-8" ?>
<c2eventsheet>
    <!--All the 'name' attributes are ignored by Construct 2 - they are there for readability only.-->
    <name>Tutorial Events</name>
    <events>
        <event-block sid="588891351984905">
            <conditions>
                <condition behavior="Platform" id="8" name="On moved" sid="838509346710420" type="Player" />
            </conditions>
            <actions>
                <action id="4" name="Set animation" sid="742086267323474" type="Player">
                    <param id="0" name="Animation">&quot;Walk&quot;</param>
                    <param id="1" name="From">1</param>
                </action>
            </actions>
        </event-block>
        <event-block sid="568907720722838">
            <conditions>
                <condition behavior="Platform" id="7" name="On stopped" sid="394870490288167" type="Player" />
            </conditions>
            <actions>
                <action id="4" name="Set animation" sid="731466416597928" type="Player">
                    <param id="0" name="Animation">&quot;Stand&quot;</param>
                    <param id="1" name="From">1</param>
                </action>
            </actions>
        </event-block>
        <event-block sid="388156335828680">
            <conditions>
                <condition id="0" name="On key pressed" sid="420637913965454" type="Keyboard">
                    <param id="0" name="Key">32</param>
                </condition>
            </conditions>
            <actions>
                <action behavior="Platform" id="7" name="Simulate control" sid="244359937421278" type="Player">
                    <param id="0" name="Control">2</param>
                </action>
            </actions>
        </event-block>
        <event-block sid="812090518851176">
            <conditions>
                <condition id="2" name="Key is down" sid="646089504638609" type="Keyboard">
                    <param id="0" name="Key">65</param>
                </condition>
            </conditions>
            <actions>
                <action behavior="Platform" id="7" name="Simulate control" sid="777580720968503" type="Player">
                    <param id="0" name="Control">0</param>
                </action>
            </actions>
        </event-block>
        <event-block sid="868564054955616">
            <conditions>
                <condition id="2" name="Key is down" sid="716319682407040" type="Keyboard">
                    <param id="0" name="Key">68</param>
                </condition>
            </conditions>
            <actions>
                <action behavior="Platform" id="7" name="Simulate control" sid="603105263029232" type="Player">
                    <param id="0" name="Control">1</param>
                </action>
            </actions>
        </event-block>
        <event-block sid="788649202081537">
            <conditions>
                <condition behavior="Platform" id="3" name="Is jumping" sid="808984740042286" type="Player" />
            </conditions>
            <actions>
                <action id="4" name="Set animation" sid="458985382627765" type="Player">
                    <param id="0" name="Animation">&quot;Jump&quot;</param>
                    <param id="1" name="From">1</param>
                </action>
            </actions>
        </event-block>
        <event-block sid="506464957389131">
            <conditions>
                <condition id="0" name="On key pressed" sid="860902395928561" type="Keyboard">
                    <param id="0" name="Key">68</param>
                </condition>
                <condition id="7" name="Is mirrored" sid="908140975758348" type="Player" />
            </conditions>
            <actions>
                <action id="7" name="Set mirrored" sid="984041882598648" type="Player">
                    <param id="0" name="State">1</param>
                </action>
            </actions>
        </event-block>
        <event-block sid="808220855700864">
            <conditions>
                <condition id="0" name="On key pressed" sid="780875341356399" type="Keyboard">
                    <param id="0" name="Key">65</param>
                </condition>
                <condition id="7" inverted="1" name="Is mirrored" sid="617777516870344" type="Player" />
            </conditions>
            <actions>
                <action id="7" name="Set mirrored" sid="503118842613194" type="Player">
                    <param id="0" name="State">0</param>
                </action>
            </actions>
        </event-block>
        <event-block sid="391300452108792">
            <conditions>
                <condition behavior="Platform" id="0" name="Is moving" sid="437006087355419" type="Player" />
                <condition behavior="Platform" id="2" name="Is on floor" sid="319672952872789" type="Player" />
            </conditions>
            <actions>
                <action id="4" name="Set animation" sid="635341637046204" type="Player">
                    <param id="0" name="Animation">&quot;Walk&quot;</param>
                    <param id="1" name="From">1</param>
                </action>
            </actions>
        </event-block>
        <event-block sid="339698002544760">
            <conditions>
                <condition behavior="Platform" id="7" name="On stopped" sid="145319160363300" type="Player" />
                <condition behavior="Platform" id="2" name="Is on floor" sid="214891433866582" type="Player" />
            </conditions>
            <actions>
                <action id="4" name="Set animation" sid="611126893136741" type="Player">
                    <param id="0" name="Animation">&quot;Stand&quot;</param>
                    <param id="1" name="From">1</param>
                </action>
            </actions>
        </event-block>
        <event-block sid="955819070992882">
            <conditions>
                <condition id="0" name="On click" sid="625431060795121" type="Mouse">
                    <param id="0" name="Mouse button">0</param>
                    <param id="1" name="Click type">0</param>
                </condition>
                <condition id="-6" name="Every X seconds" sid="266733798564165" type="System">
                    <param id="0" name="Interval (seconds)">1.0</param>
                </condition>
            </conditions>
            <actions>
                <action id="0" name="Spawn another object" sid="986527681175680" type="Player">
                    <param id="0" name="Object">Axe</param>
                    <param id="1" name="Layer">1</param>
                    <param id="2" name="Image point">0</param>
                </action>
            </actions>
        </event-block>
        <event-block sid="545467914393759">
            <conditions>
                <condition id="0" name="On key pressed" sid="954179141418082" type="Keyboard">
                    <param id="0" name="Key">32</param>
                </condition>
                <condition behavior="Platform" id="2" name="Is on floor" sid="270866806622144" type="Player" />
            </conditions>
            <actions>
                <action id="0" name="Play" sid="422465330666007" type="Audio">
                    <param id="0" name="Audio file">jumpsound_c_07</param>
                    <param id="2" name="Loop">0</param>
                    <param id="3" name="Volume">0</param>
                    <param id="1" name="Tag (optional)">&quot;&quot;</param>
                </action>
            </actions>
        </event-block>
        <event-block sid="532053783295702">
            <conditions>
                <condition id="0" name="On click" sid="791269430431069" type="Mouse">
                    <param id="0" name="Mouse button">0</param>
                    <param id="1" name="Click type">0</param>
                </condition>
                <condition behavior="Bullet" id="1" name="Compare distance travelled" sid="993424741261229" type="Axe">
                    <param id="0" name="Comparison">2</param>
                    <param id="1" name="Distance">1</param>
                </condition>
                <condition id="7" name="Is mirrored" sid="387512161317196" type="Player" />
            </conditions>
            <actions>
                <action id="-8" name="Set angle" sid="733170940064007" type="Axe">
                    <param id="0" name="Angle">180</param>
                </action>
            </actions>
        </event-block>
        <event-block sid="472788217343864">
            <conditions>
                <condition id="0" name="On key pressed" sid="964977966123107" type="Keyboard">
                    <param id="0" name="Key">32</param>
                </condition>
                <condition behavior="Platform" id="2" inverted="1" name="Is on floor" sid="275887352446796" type="Player" />
            </conditions>
            <actions>
                <action behavior="Platform" id="13" name="Set double-jump" sid="788638511814881" type="Player">
                    <param id="0" name="State">1</param>
                </action>
            </actions>
        </event-block>
        <event-block sid="835557774133335">
            <conditions>
                <condition id="0" name="On clicked" sid="814925468367782" type="Button" />
            </conditions>
            <actions>
                <action id="-12" name="Subtract from" sid="429009109205783" type="Button">
                    <param id="0" name="Instance variable">Slides</param>
                    <param id="1" name="Value">1</param>
                </action>
            </actions>
        </event-block>
        <event-block sid="939456276293024">
            <conditions>
                <condition id="-7" name="Compare instance variable" sid="423935101391131" type="Button">
                    <param id="0" name="Instance variable">Slides</param>
                    <param id="1" name="Comparison">0</param>
                    <param id="2" name="Value">3</param>
                </condition>
            </conditions>
            <actions>
                <action id="-3" name="Set position" sid="530241597337147" type="Jump">
                    <param id="0" name="X">368</param>
                    <param id="1" name="Y">536</param>
                </action>
                <action id="-2" name="Set Y" sid="678259133550286" type="aAndD">
                    <param id="0" name="Y">-80</param>
                </action>
            </actions>
        </event-block>
        <event-block sid="227880091951043">
            <conditions>
                <condition id="-7" name="Compare instance variable" sid="242382230198392" type="Button">
                    <param id="0" name="Instance variable">Slides</param>
                    <param id="1" name="Comparison">0</param>
                    <param id="2" name="Value">2</param>
                </condition>
            </conditions>
            <actions>
                <action id="-3" name="Set position" sid="479972492062775" type="Double">
                    <param id="0" name="X">205</param>
                    <param id="1" name="Y">536</param>
                </action>
                <action id="-2" name="Set Y" sid="727354152177868" type="Jump">
                    <param id="0" name="Y">-80</param>
                </action>
            </actions>
        </event-block>
        <event-block sid="322013895260936">
            <conditions>
                <condition id="-7" name="Compare instance variable" sid="936232497823960" type="Button">
                    <param id="0" name="Instance variable">Slides</param>
                    <param id="1" name="Comparison">0</param>
                    <param id="2" name="Value">1</param>
                </condition>
            </conditions>
            <actions>
                <action id="-3" name="Set position" sid="800214253641551" type="Double">
                    <param id="0" name="X">0</param>
                    <param id="1" name="Y">-80</param>
                </action>
                <action id="-3" name="Set position" sid="114701138863864" type="Leftthrow">
                    <param id="0" name="X">239</param>
                    <param id="1" name="Y">536</param>
                </action>
                <action id="-3" name="Set position" sid="777379633275952" type="SpriteFont2">
                    <param id="0" name="X">0</param>
                    <param id="1" name="Y">-100</param>
                </action>
                <action id="-3" name="Set position" sid="182849475061266" type="Done">
                    <param id="0" name="X">635</param>
                    <param id="1" name="Y">942</param>
                </action>
            </actions>
        </event-block>
        <event-block sid="185182271774717">
            <conditions>
                <condition id="-7" name="Compare instance variable" sid="201760042920327" type="Button">
                    <param id="0" name="Instance variable">Slides</param>
                    <param id="1" name="Comparison">0</param>
                    <param id="2" name="Value">0</param>
                </condition>
            </conditions>
            <actions>
                <action id="-2" name="Go to layout" sid="628870980235165" type="System">
                    <param id="0" name="Layout">Menu</param>
                </action>
            </actions>
        </event-block>
    </events>
</c2eventsheet>
