﻿<?xml version="1.0" encoding="utf-8" ?>
<c2uistate>
    <!--This is a UI state file - its content describes the user interface settings when the project was last open.
It is entirely optional and the project will load without it.  If you are placing the project under source control,
you probably do not want to add any .uistate.xml files to the repository.-->
    <configurations>
        <active>
            <configuration name="HTML5" />
        </active>
        <display name="HTML5" />
    </configurations>
    <open-tabs>
        <layout active="1" order="0">Game</layout>
        <layout order="2">Menu</layout>
        <layout order="4">Game Over</layout>
        <layout order="6">Tutorial</layout>
        <layout order="8">Info</layout>
        <event-sheet order="1">Game Events</event-sheet>
        <event-sheet order="3">Menu Events</event-sheet>
        <event-sheet order="5">Game Over Events</event-sheet>
        <event-sheet order="7">Tutorial Events</event-sheet>
        <event-sheet order="9">Info Events</event-sheet>
    </open-tabs>
    <properties>
        <property expanded="1" name="About" />
        <property expanded="0" name="Project settings" />
        <property expanded="0" name="Window Size" />
        <property expanded="0" name="Configuration Settings" />
    </properties>
    <families-expanded root="1" />
    <folders-expanded>
        <folder expanded="1" path="object-folder/" />
        <folder expanded="1" path="layout-folder/" />
        <folder expanded="1" path="event-folder/" />
        <folder expanded="1" path="file-folder/" />
        <folder expanded="1" path="sound-folder/" />
        <folder expanded="1" path="music-folder/" />
        <folder expanded="1" path="file-folder/Icons/" />
        <folder expanded="1" path="animation-folder/Barriers/" />
        <folder expanded="1" path="animation-folder/Player/" />
        <folder expanded="1" path="animation-folder/Boss/" />
        <folder expanded="1" path="animation-folder/Axe/" />
        <folder expanded="1" path="animation-folder/Sprite7/" />
        <folder expanded="1" path="animation-folder/Sprite8/" />
        <folder expanded="1" path="animation-folder/EmptyHealthbar/" />
        <folder expanded="1" path="animation-folder/FullHealthbar/" />
        <folder expanded="1" path="animation-folder/Barriers2/" />
        <folder expanded="1" path="animation-folder/Floor_Barrier/" />
        <folder expanded="1" path="animation-folder/Sprite2/" />
        <folder expanded="1" path="animation-folder/Sprite3/" />
        <folder expanded="1" path="animation-folder/Sigma/" />
        <folder expanded="1" path="animation-folder/GameLogo/" />
        <folder expanded="1" path="animation-folder/Sprite/" />
        <folder expanded="1" path="animation-folder/Sprite5/" />
        <folder expanded="1" path="animation-folder/Sprite6/" />
        <folder expanded="1" path="animation-folder/Sprite9/" />
        <folder expanded="1" path="animation-folder/Sprite10/" />
        <folder expanded="1" path="animation-folder/0_hearts/" />
        <folder expanded="1" path="animation-folder/1_hearts/" />
        <folder expanded="1" path="animation-folder/2_hearts/" />
        <folder expanded="1" path="animation-folder/3_hearts/" />
        <folder expanded="1" path="animation-folder/BIG_LASER/" />
        <folder expanded="1" path="animation-folder/Sprite11/" />
        <folder expanded="1" path="animation-folder/Sprite12/" />
        <folder expanded="1" path="animation-folder/Sprite4/" />
        <folder expanded="1" path="animation-folder/Sprite13/" />
        <folder expanded="1" path="animation-folder/Sprite14/" />
        <folder expanded="1" path="animation-folder/Sprite15/" />
        <folder expanded="1" path="animation-folder/Sprite16/" />
        <folder expanded="1" path="animation-folder/Sprite17/" />
    </folders-expanded>
</c2uistate>
